numID,test_loss,test_mard,rmse,mB,g,dxm,dym,dzm,IBxx,IByy,IBzz,Cd,kTh,kTo,tau,kp,damp
1,0.0,0.0,0.9963456988334656,1.2,9.81,0.15525776147842407,0.17313098907470703,0.047015365213155746,0.012125615030527115,0.01316045317798853,0.013071252964437008,0.10411552339792252,1.0307017873856239e-05,1.6249693146619393e-07,0.014260085299611092,0.9865865707397461,1.0693837404251099
1,0.0,0.0,0.9947531223297119,1.2,9.81,0.14199800789356232,0.1660686582326889,0.05292721465229988,0.01327663753181696,0.012990264222025871,0.013333728536963463,0.10119115561246872,1.0427921552036423e-05,1.6648927214646392e-07,0.01464536227285862,0.9079591631889343,0.9818863272666931
